step,timestamp,gyro_z,euler_yaw,accel_y,accel_for_trim,raw_gyro_z,raw_euler_yaw,raw_accel_y,raw_steering,gained_steering,auto_trim,auto_trim_locked,auto_trim_p,auto_trim_active,heading_error,heading_hold,heading_hold_integral,lateral_trim,gained_with_trim,clipped_pre_slew,steering_slew_limited,clipped_steering,compute_ms,rls_theta,rls_prediction_error,rls_kalman_gain_norm,rls_P_trace,rls_theta_delta,rls_converged,rls_target,rls_model_raw,rls_static_bias,elapsed_s
0,1786853072.2067857,-8.29084930927376,0.0,0.0,1.9780905214487443,-6.757695915605971,276.1281309113352,1.9854307994521982,0.829084930927376,0.7461764378346384,0.15,True,0.0,False,0.0,0.0,0.0,0.0,0.8961764378346384,0.8961764378346384,False,0.8961764378346384,0.10379999730503187,-0.10984319775149576;0.0011872363595470975,0.08290849309273762,0.11958411078923036,10.540635629519738,0.0902555602377922,False,0.9119934240201136,0.829084930927376,0.0,0.0
1,1786853072.358824,-7.636204427611496,0.0,0.0,1.9091210366129294,-5.822488941802736,275.571434585923,1.8869029639724626,0.8399723493725241,0.7559751144352717,0.15,True,0.0,False,0.0,0.0,0.0,0.0,0.9059751144352717,0.9059751144352717,False,0.9059751144352717,0.13590000162366778,-0.11028037929335653;0.035291027895067995,0.07636204427611493,0.44664327534856113,10.703999417970776,0.2945567632936786,False,0.916334393648639,0.8399723493725241,0.0,0.1520383358001709
2,1786853072.5092764,-7.388917095607853,0.0,0.0,1.8141094827620214,-5.749783416795647,274.9505059205884,1.7807305234008008,0.8501436077658684,0.7651292469892815,0.15,True,0.0,False,0.0,0.0,0.0,0.0,0.9151292469892816,0.9151292469892816,False,0.9151292469892816,0.13580000086221844,-0.1083810868795152;0.0747407117177129,0.0738891709560785,0.5345218691899789,10.831845858601318,0.29999498120199314,False,0.9240327787219469,0.8501436077658684,0.0,0.3024907112121582
3,1786853072.6597676,-7.282511549011318,0.0,0.0,1.8182018623186058,-5.703755778230728,274.33126102945494,1.8272960172748818,0.8640272286121813,0.7776245057509632,0.15,True,0.0,False,0.0,0.0,0.0,0.0,0.9276245057509632,0.9276245057509632,False,0.9276245057509632,0.1373999984934926,-0.10586031008334239;0.11276651473989287,0.07282511549011317,0.5232983683617486,11.02677974229256,0.2463913955231072,False,0.9368523441022945,0.8640272286121813,0.0,0.45298194885253906
4,1786853072.8102825,-7.426506369870564,0.0,0.0,1.8603469944138311,-5.95506504228531,273.7542476272125,1.8857494718866674,0.8989387818903082,0.8090449037012774,0.15,True,0.0,False,0.0,0.0,0.0,0.0,0.9590449037012774,0.9590449037012774,False,0.9590449037012774,0.14119999832473695,-0.10541420477653768;0.13223134545896992,0.07426506369870567,0.26216825405127,11.519301148179299,0.1151336494443977,False,0.9732038455890138,0.8989387818903082,0.0,0.603496789932251
5,1786853072.960778,-7.459990669634127,0.0,0.0,1.8429526242780598,-5.9411876901507235,273.13974128679354,1.8428381722233265,0.9186203295388422,0.826758296584958,0.15,True,0.0,False,0.0,0.0,0.0,0.0,0.976758296584958,0.976758296584958,False,0.976758296584958,0.13439999747788534,-0.10545760998882163;0.14579531587120254,0.07459990669634131,0.18182381804333905,12.084957872407033,0.07538186081080969,False,0.9932202362351835,0.9186203295388422,0.0,0.7539923191070557
6,1786853073.111264,-7.540362228442856,0.0,0.0,2.0224304110616473,-6.041653788550235,272.48670252923125,2.106689740543781,0.9409838949327711,0.846885505439494,0.15,True,0.0,False,0.0,0.0,0.0,0.0,0.9968855054394941,0.9968855054394941,False,0.9968855054394941,0.13619999663205817,-0.10661589194282461;0.1494969663430814,0.07540362228442854,0.051438352103543944,12.71783984540864,0.021123182784777608,True,1.0163875172171997,0.9409838949327711,0.0,0.9044783115386963
7,1786853073.261744,-8.032155143068909,0.0,0.0,2.0326477708260646,-6.709770141383713,271.8528094143131,2.044366917299983,1.0058523511445192,0.9052671160300673,0.15,True,0.0,False,0.0,0.0,0.0,0.0,1.0552671160300673,1.0,False,1.0,0.13670000043930486,-0.11503385506997828;0.09772817479175733,0.0803215514306892,0.6529845952541717,12.8560217362143,0.3474753518986415,False,1.0861739025752084,1.0058523511445192,0.0,1.0549583435058594
8,1786853073.412254,-8.110548388298902,0.0,0.0,1.9672706182926318,-6.610992099729681,271.22592188674605,1.9465921166389004,1.030715822629379,0.9276442403664412,0.15,True,0.0,False,0.0,0.0,0.0,0.0,1.0776442403664412,1.0,False,1.0,0.13670000043930486,-0.12352445743730439;0.04383576818964582,0.081105483882989,0.6726689746834982,12.977740980507011,0.41623800269455763,False,1.111821306512368,1.030715822629379,0.0,1.2054684162139893
9,1786853073.56276,-8.001352539021758,0.0,0.0,2.062325997303346,-6.421400924235192,270.5306975373481,2.1104042948828203,1.0321984993369064,0.9289786494032158,0.15,True,0.0,False,0.0,0.0,0.0,0.0,1.0789786494032159,1.0,False,1.0,0.13390000094659626,-0.1293400235868652;0.009101853504723048,0.08001352539021767,0.4401431529186265,13.433547119014767,0.2716137354028305,False,1.112212024727124,1.0321984993369064,0.0,1.3559744358062744
10,1786853073.7132435,-8.28899896929026,0.0,0.0,2.1069617826952975,-6.879122617166114,269.8982446829249,2.133431683009588,1.0812011757042266,0.973081058133804,0.15,True,0.0,False,0.0,0.0,0.0,0.0,1.123081058133804,1.0,False,1.0,0.13750000653089955,-0.13912104559035932;-0.057104509207720214,0.08288998969290251,0.8073950136966414,13.34619611606227,0.44502477024208315,False,1.164091165397129,1.0812011757042266,0.0,1.506457805633545
11,1786853073.8637235,-8.169547421591709,0.0,0.0,2.046915783706666,-6.585200507481682,269.2624180256883,2.0285220621435633,1.0794514700841422,0.971506323075728,0.15,True,0.0,False,0.0,0.0,0.0,0.0,1.121506323075728,1.0,False,1.0,0.14479999663308263,-0.14593355872947583;-0.10134580871181512,0.08169547421591705,0.5479219100732643,13.699653113538513,0.2519393731040038,False,1.1611469443000593,1.0794514700841422,0.0,1.656937837600708
12,1786853074.0139046,-8.02306074633499,0.0,0.0,1.956074210243489,-6.42712734898575,268.6304343598212,1.9244823853341528,1.0694879979036143,0.9625391981132528,0.15,True,0.0,False,0.0,0.0,0.0,0.0,1.1125391981132529,1.0,False,1.0,0.15520000306423753,-0.14976662366307072;-0.12310034335074746,0.08023060746334987,0.27532683588554857,14.33530660693737,0.11394326222990261,False,1.1497186053669641,1.0694879979036143,0.0,1.8071188926696777
13,1786853074.1639898,-8.067511412580496,0.0,0.0,1.9068366618638222,-6.553408304446495,267.95022084853906,1.8930751334188476,1.0851436022747238,0.9766292420472514,0.15,True,0.0,False,0.0,0.0,0.0,0.0,1.1266292420472515,1.0,False,1.0,0.14379999629454687,-0.15415016882219054;-0.14962799672053845,0.08067511412580486,0.3332798785770906,14.96505786964,0.12515811387830686,False,1.1658187164005287,1.0851436022747238,0.0,1.9572041034698486
14,1786853074.3142858,-7.951010881964336,0.0,0.0,2.031521645758425,-6.36792868946105,267.2393281899182,2.0922983454309945,1.0760216730413381,0.9684195057372044,0.15,True,0.0,False,0.0,0.0,0.0,0.0,1.1184195057372044,1.0,False,1.0,0.13829999807057902,-0.15616433699972823;-0.15806311909675852,0.07951010881964327,0.10907121286091911,15.739542389894105,0.03902971947707941,True,1.1555317818609814,1.0760216730413381,0.0,2.1075000762939453
15,1786853074.4648454,-7.713942993686677,0.0,0.0,1.9825785146048098,-6.07918907647132,266.5917593509106,1.968943164971,1.0465796741660203,0.9419217067494182,0.15,True,0.0,False,0.0,0.0,0.0,0.0,1.0919217067494182,1.0,False,1.0,0.1447000031475909,-0.1536670660679609;-0.1316285642389125,0.07713942993686684,0.34421114322994883,16.437315474231607,0.1312288456765783,False,1.1237191041028871,1.0465796741660203,0.0,2.2580597400665283
16,1786853074.6153407,-8.025780729518234,0.0,0.0,1.9938753032634025,-6.6262720797782535,265.9569029989743,2.006057062120539,1.1016696133709334,0.99150265203384,0.15,True,0.0,False,0.0,0.0,0.0,0.0,1.14150265203384,1.0,False,1.0,0.16529999993508682,-0.15744094260401115;-0.15439564074686263,0.08025780729518228,0.2875450646671975,17.21120553792798,0.10465510903467518,False,1.1819274206661157,1.1016696133709334,0.0,2.408555030822754
17,1786853074.7658472,-8.18307047917019,0.0,0.0,1.9437017880279759,-6.717326978210384,265.2400142386365,1.9295391309305328,1.1339546888887493,1.0205592199998743,0.15,True,0.0,False,0.0,0.0,0.0,0.0,1.1705592199998742,1.0,False,1.0,0.14310000551631674,-0.16435424987973277;-0.20211338293554676,0.08183070479170196,0.5892157319605615,17.727759966034537,0.18508739940399324,False,1.2157853936804512,1.1339546888887493,0.0,2.5590615272521973
18,1786853074.916363,-7.776093332181181,0.0,0.0,1.9617704318647342,-6.068521161232388,264.571647158194,1.9768544143696565,1.0759206036698827,0.9683285433028945,0.15,True,0.0,False,0.0,0.0,0.0,0.0,1.1183285433028944,1.0,False,1.0,0.13690000196220353,-0.16215396943785396;-0.1785661069340706,0.07776093332181189,0.30413537688822334,18.559952667728286,0.09804883224921236,False,1.1536815369916946,1.0759206036698827,0.0,2.7095773220062256
19,1786853075.0668397,-7.741386045081828,0.0,0.0,1.958448397924301,-6.193358099800032,263.9096186756007,1.964364947096141,1.0767303692267571,0.9690573323040814,0.15,True,0.0,False,0.0,0.0,0.0,0.0,1.1190573323040813,1.0,False,1.0,0.14000000373926014,-0.1592761149882298;-0.1499226002860124,0.07741386045081833,0.371867706397391,19.386118365507635,0.1316090894080639,False,1.1541442296775755,1.0767303692267571,0.0,2.8600540161132812
20,1786853075.2173324,-8.22469809228766,0.0,0.0,2.206486204005339,-6.898678433136655,263.2267879912856,2.3201283989006662,1.1600753588046713,1.0440678229242042,0.15,True,0.0,False,0.0,0.0,0.0,0.0,1.194067822924204,1.0,False,1.0,0.13480000052368268,-0.16785322639337108;-0.2113736381470392,0.08224698092287652,0.7543952475751494,19.766586863187186,0.22987600309421416,False,1.2423223397275478,1.1600753588046713,0.0,3.0105466842651367
21,1786853075.3678675,-8.191512135665,0.0,0.0,1.8987620755483987,-6.644136189158927,262.542946278744,1.7742205842131642,1.1635981028647848,1.0472382925783064,0.15,True,0.0,False,0.0,0.0,0.0,0.0,1.1972382925783063,1.0,False,1.0,0.1388000018778257,-0.17515523859841453;-0.26310685973178755,0.08191512135665002,0.6378066648436319,20.355611192177772,0.1652952748450021,False,1.2455132242214348,1.1635981028647848,0.0,3.1610817909240723
22,1786853075.518317,-8.265452186371714,0.0,0.0,2.069831654906581,-6.7639873858639445,261.91360726310853,2.150487466920685,1.184630390095937,1.0661673510863432,0.15,True,0.0,False,0.0,0.0,0.0,0.0,1.216167351086343,1.0,False,1.0,0.13480000052368268,-0.18391515439803782;-0.3266848096159132,0.08265452186371713,0.7764680242505761,20.751974643717187,0.17118994276095967,False,1.267284911959654,1.184630390095937,0.0,3.3115313053131104
23,1786853075.6687994,-8.336764420441456,0.0,0.0,2.0181339229845396,-6.834173412803557,261.26700258087857,2.003318030164262,1.2065725059496455,1.085915255354681,0.15,True,0.0,False,0.0,0.0,0.0,0.0,1.2359152553546808,1.0,False,1.0,0.1329000006080605,-0.19393464745912503;-0.4006206077454452,0.08336764420441445,0.8949708444636866,20.939043000842652,0.16763161824633913,False,1.28994015015406,1.2065725059496455,0.0,3.4620137214660645
24,1786853075.8193173,-8.20904657798994,0.0,0.0,1.99769479181737,-6.621156966128641,260.6704713922978,1.9962754421777513,1.1913979463325703,1.0722581516993133,0.15,True,0.0,False,0.0,0.0,0.0,0.0,1.2222581516993132,1.0,False,1.0,0.13490000128513202,-0.20015897358645632;-0.4446364167867131,0.08209046577989931,0.5415211711310867,21.720174345326672,0.09116624211911188,False,1.2734884121124697,1.1913979463325703,0.0,3.6125316619873047
25,1786853075.9697988,-8.124129080850185,0.0,0.0,2.0212152669811756,-6.554582474122499,259.9921356205831,2.0386357486262603,1.1814809213201407,1.0633328291881268,0.15,True,0.0,False,0.0,0.0,0.0,0.0,1.2133328291881267,1.0,False,1.0,0.13829999807057902,-0.2039141610609927;-0.4691422301238694,0.08124129080850184,0.30516329459367925,22.76278827530118,0.04846493643557309,True,1.2627222121286426,1.1814809213201407,0.0,3.7630131244659424
26,1786853076.1203308,-8.164509791666443,0.0,0.0,1.9360315199333047,-6.648662416919908,259.3274787184942,1.9068644777733856,1.1957169345180536,1.0761452410662482,0.15,True,0.0,False,0.0,0.0,0.0,0.0,1.2261452410662481,1.0,False,1.0,0.134599999000784,-0.20870636059050698;-0.502060129734743,0.08164509791666452,0.4074328603533435,23.781167198808706,0.06118109754827501,False,1.2773620324347181,1.1957169345180536,0.0,3.9135451316833496
