step,timestamp,gyro_z,euler_yaw,accel_y,accel_for_trim,raw_gyro_z,raw_euler_yaw,raw_accel_y,raw_steering,gained_steering,auto_trim,auto_trim_locked,auto_trim_p,auto_trim_active,heading_error,heading_hold,heading_hold_integral,lateral_trim,gained_with_trim,clipped_pre_slew,steering_slew_limited,clipped_steering,compute_ms,mpc_cost,mpc_u_sequence,mpc_predicted_yaw_err,mpc_predicted_rate,mpc_state,mpc_target_yaw,mpc_model_raw,mpc_static_bias,elapsed_s
0,1786854646.3636186,8.366344910864672,101.88328911941255,0.0,-2.048675972694761,9.81212651925484,101.88328911941255,-2.051469224734562,-0.15,-0.135,-0.010039613893037607,False,-0.03346537964345869,True,0.0,-0.025099034732594016,0.0,0.0,-0.20360402826909033,-0.20360402826909033,False,-0.20360402826909033,0.4206999947200529,598.1100959156805,-1.0;-1.0;-1.0;-1.0;-0.2537110860262531,0.0;1.2549517366297007;2.295484988814392;3.1505462519541494;3.84517424457004;4.401027458182785,8.366344910864672;6.936888347897941;5.700408420931719;4.630853284105937;3.705688090751636;3.129306872692289,0.0;8.366344910864672,101.88328911941255,-0.15,0.0,0.0
1,1786854646.5156035,3.6112742699623057,102.19040102647512,0.0,-0.9667096694579281,3.0191684608228884,102.19040102647512,-0.5058030772533721,-0.3,-0.27,-0.014373143016992374,False,-0.014445097079849223,True,0.43056035400385895,-0.015139426349925506,0.06458405310057884,0.0,-0.3139576664467671,-0.3139576664467671,False,-0.3139576664467671,0.44219999836059287,112.98940609002932,-1.0;-1.0;-1.0;-0.45179295945052944;-0.07033918872531779,0.30711190706256275;0.8488030475569086;1.2723658840845178;1.5937477376808997;1.82674304104177;2.007953295273649,3.6112742699623057;2.8237522435173945;2.1425456906425464;1.5533020224058025;1.2080683615458605;1.023877376119574,0.30711190706256275;3.6112742699623057,101.88328911941255,-0.3,0.0,0.15198493003845215
2,1786854646.666096,2.9342535432015184,102.61298934511052,0.0,-0.7409991272936112,4.089883411551349,102.61298934511052,-0.6470592898344191,-0.35,-0.315,-0.017894247268834197,False,-0.011737014172806074,True,0.7670540848852596,-0.01647330147845715,0.1,0.0,-0.36110456292009746,-0.36110456292009746,False,-0.36110456292009746,0.4534999970928766,100.64699859235684,-1.0;-1.0;-1.0;-0.3163595843131894;0.004094534100523357,0.7297002256979681;1.1698382571781958;1.5055576544085927;1.7509549330128862;1.9182235790056;2.048674776495204,2.9342535432015184;2.2381293148693135;1.6359818573619562;1.115124306618092;0.8696746499306928;0.7534969324202063,0.7297002256979681;2.9342535432015184,101.88328911941255,-0.35,0.0,0.3024773597717285
3,1786854646.8165958,2.8176299667916194,103.08943171700918,0.0,-0.6691065568549033,4.2134300424346876,103.08943171700918,-0.6410887072781152,-0.35,-0.315,-0.02127540322898414,False,-0.011270519867166477,True,1.0986496535034718,-0.019439386435409576,0.1,0.0,-0.3669853095315602,-0.3669853095315602,False,-0.3669853095315602,0.4517999987001531,133.66814609853762,-1.0;-1.0;-0.9869188560056513;-0.25038067703584266;0.06840341410297635,1.2061425975966245;1.6287870926153674;1.9493745808065799;2.181682758091979;2.3382179829235947;2.4623538219363295,2.8176299667916194;2.137249921274751;1.5487211819026594;1.043568165544105;0.8275722600848979;0.7363710292043295,1.2061425975966245;2.8176299667916194,101.88328911941255,-0.35,0.0,0.45297718048095703
4,1786854646.9666545,2.959864494039063,103.5214768710814,0.0,-0.7411541514197117,4.46660375696385,103.5214768710814,-0.7748249439872877,-0.35,-0.315,-0.024827240621831014,False,-0.011839457976156252,True,1.457909553718153,-0.02345868901929872,0.1,0.0,-0.375125387617286,-0.375125387617286,False,-0.375125387617286,0.4549000004772097,188.954723152474,-1.0;-1.0;-1.0;-0.2238035026650684;0.11919931667051385,1.6381877516688519;2.082167425774711;2.4212098438762797;2.6694815355341364;2.8392365488181825;2.976003477688954,2.959864494039063;2.26028278734379;1.6551446110523782;1.131700088560307;0.9117795258051451;0.8244490848226046,1.6381877516688519;2.959864494039063,101.88328911941255,-0.35,0.0,0.6030359268188477
5,1786854647.1171272,2.7564126278312173,103.93874888074686,0.0,-0.7726368710202945,4.115000579275166,103.93874888074686,-0.7889227171746309,-0.35,-0.315,-0.028134935775228475,False,-0.01102565051132487,True,1.7937340651522078,-0.02620657853501573,0.1,0.0,-0.38036716482156907,-0.38036716482156907,False,-0.38036716482156907,0.46070000098552555,226.64694265355644,-1.0;-1.0;-1.0;-0.15243354286304303;0.17859385112465714,2.055459761334305;2.4689216555089875;2.7815661939700878;3.0070037197389397;3.1570071795289967;3.2799006628185587,2.7564126278312173;2.084296923074003;1.5029168384590126;1.0000230652670459;0.8192898885970817;0.7622639089738729,2.055459761334305;2.7564126278312173,101.88328911941255,-0.35,0.0,0.7535085678100586
6,1786854647.2676146,3.0619151084940506,104.41025662699104,0.0,-0.6700172072188002,4.638626351454004,104.41025662699104,-0.628830603343675,-0.35,-0.315,-0.031809233905421334,False,-0.012247660433976203,True,2.182572577702544,-0.03101147110250759,0.1,0.0,-0.3900683654419051,-0.3900683654419051,False,-0.3900683654419051,0.4315999976824969,321.1583093988168,-1.0;-1.0;-1.0;-0.1435796647794455;0.229472241406868,2.5269675075784903;2.9862547738525977;3.3385382591797006;3.598263473987645;3.7779257847965164;3.9268725987311153,3.0619151084940506;2.348556568847354;1.731501432052961;1.1977487387258112;0.9929787595639931;0.9277682994449143,2.5269675075784903;3.0619151084940506,101.88328911941255,-0.35,0.0,0.9039959907531738
7,1786854647.41813,2.8688887456940417,104.85045859205462,0.0,-0.7951130449494342,4.231944770027063,104.85045859205462,-0.8515187988737927,-0.35,-0.315,-0.03525190040025419,False,-0.011475554982776167,True,2.548882528387537,-0.0340954915209575,0.1,0.0,-0.39582294690398784,-0.39582294690398784,False,-0.39582294690398784,0.425300000642892,379.25460520077047,-1.0;-1.0;-1.0;-0.07118491274094388;0.2914754335124255,2.9671694726420696;3.397502784496176;3.724741099249978;3.9628022415120165;4.12372512956868;4.259720106664351,2.8688887456940417;2.1815887650253463;1.5870742817469246;1.0728192537110897;0.9066331806378094;0.8716803313054328,2.9671694726420696;2.8688887456940417,101.88328911941255,-0.35,0.0,1.054511308670044
8,1786854647.5685604,2.7572670116502485,105.2906244668045,0.0,-0.7756718192317398,4.155210734021648,105.2906244668045,-0.7701331173925287,-0.35,-0.315,-0.03856062081423448,False,-0.011029068046600993,True,2.905697153699677,-0.03732877257194751,0.1,0.0,-0.401918461432783,-0.401918461432783,False,-0.401918461432783,0.46930000098655,452.4628702783672,-1.0;-1.0;-1.0;-0.009709666508745189;0.3510054104648836,3.4073353473919497;3.8209253991394867;4.133680793901107;4.359214210369908;4.5093006156154205;4.6386884211598955,2.7572670116502485;2.085035965077465;1.5035561097920072;1.000576034970086;0.8625853702965008;0.8514379684459383,3.4073353473919497;2.7572670116502485,101.88328911941255,-0.35,0.0,1.204941749572754
9,1786854647.719059,3.3138104021527917,105.7464336225375,0.0,-0.8384544730112288,4.998110606472621,105.7464336225375,-0.8681545766708106,-0.35,-0.315,-0.042537193296817835,False,-0.013255241608611168,True,3.3472343293348388,-0.04341377449980677,0.1,0.0,-0.4142062094052358,-0.4142062094052358,False,-0.4142062094052358,0.43729999742936343,608.0202320844126,-1.0;-1.0;-1.0;-0.03617701838838428;0.39226851299948545,3.8631445031249427;4.3602160634478615;4.745182963127186;5.0331793313498014;5.237296189862364;5.412229306648253,3.3138104021527917;2.5664459978621648;1.9199757881507724;1.360779056750418;1.1662207785725964;1.1264615273651415,3.8631445031249427;3.3138104021527917,101.88328911941255,-0.35,0.0,1.355440378189087
10,1786854647.869131,3.147351026071356,106.18608859038926,0.0,-0.7900767113684385,4.521792901855195,106.18608859038926,-0.7721366369899008,-0.35,-0.315,-0.046314014528103464,False,-0.012589404104285424,True,3.7656495344481016,-0.04709854842269509,0.1,0.0,-0.42100196705508397,-0.42100196705508397,False,-0.42100196705508397,0.4365999993751757,694.1969052799492,-1.0;-1.0;-1.0;0.03259752337158914;0.4533962840928535,4.302799470976709;4.7749021248874115;5.13827092052017;5.407584928742506;5.595541545854827;5.759590908208706,3.147351026071356;2.422458637551723;1.7954267214822404;1.2530441140821378;1.0936624156925259;1.082036874801891,4.302799470976709;3.147351026071356,101.88328911941255,-0.35,0.0,1.5055124759674072
11,1786854648.0195403,3.4397936571214247,106.67435334452529,0.0,-0.7842845403715507,5.010907821675908,106.67435334452529,-0.7845954334126855,-0.35,-0.315,-0.05044176691664917,False,-0.013759174628485698,True,4.2300097865680755,-0.052619478837045035,0.1,0.0,-0.43182042038217994,-0.43182042038217994,False,-0.43182042038217994,0.4306999981054105,858.2060470634531,-1.0;-1.0;-1.0;0.04497315646702388;0.5068081444092968,4.791064225112734;5.307033273680948;5.7083465006924525;6.010482442057405;6.226830031338087;6.415994488106894,3.4397936571214247;2.6754215134100323;2.014239609099678;1.4423172618712214;1.2610963784587137;1.2428908106895762,4.791064225112734;3.4397936571214247,101.88328911941255,-0.35,0.0,1.6559216976165771
12,1786854648.170055,3.524162556106819,107.16936111818472,0.0,-0.8999269283663424,5.006102264062156,107.16936111818472,-0.9522812038324826,-0.35,-0.315,-0.054670761983977356,False,-0.014096650224427276,True,4.708464748471187,-0.05765713515303232,0.1,0.0,-0.441424547361437,-0.441424547361437,False,-0.441424547361437,0.4251000063959509,1012.5715347618649,-1.0;-1.0;-1.0;0.08596223289317736;0.5673899831075755,5.286071998772172;5.814696382188195;6.226956473843055;6.538561453124509;6.763099760202967;6.961193696306025,3.524162556106819;2.7484006110323986;2.077366528543025;1.4969220471897164;1.320626240687058;1.3125586931265778,5.286071998772172;3.524162556106819,101.88328911941255,-0.35,0.0,1.80643630027771
13,1786854648.3205414,3.555354025208543,107.69860400760552,0.0,-0.7905656224297308,5.014503406070879,107.69860400760552,-0.7464897433538411,-0.35,-0.315,-0.058937186814227605,False,-0.014221416100834173,True,5.195287167311761,-0.06261893374874325,0.1,0.0,-0.45077753666380505,-0.45077753666380505,False,-0.45077753666380505,0.45400000090012327,1183.5201341004863,-1.0;-1.0;-1.0;0.13769922995960168;0.6339512723415428,5.815314888192972;6.348617991974254;6.764925176745062;7.080030891571812;7.30759733489695;7.510638773721376,3.555354025208543;2.77538123180539;2.1007047655116624;1.517109622167588;1.3536095921628442;1.361057678923323,5.815314888192972;3.555354025208543,101.88328911941255,-0.35,0.0,1.9569227695465088
14,1786854648.4710295,3.474108668333641,108.20120154992225,0.0,-0.8459677902289479,4.885070838063137,108.20120154992225,-0.8725048284684132,-0.35,-0.315,-0.06310611721622797,False,-0.013896434673334564,True,5.672159736781694,-0.06714392337281787,0.1,0.0,-0.45914647526238045,-0.45914647526238045,False,-0.45914647526238045,0.4350000017439015,1341.759293044355,-1.0;-1.0;-1.0;0.20169774953208008;0.7005235037427778,6.317912430509693;6.83902873075974;7.244794330476029;7.55078157423062;7.770460540078341;7.969559244265564,3.474108668333641;2.7051039981085996;2.039914958363939;1.4645264389848072;1.3273246945814823;1.3582929119358154,6.317912430509693;3.474108668333641,101.88328911941255,-0.35,0.0,2.1074109077453613
15,1786854648.621522,3.7831782908172817,108.6965278181537,0.0,-0.8418618877800351,5.361418308843296,108.6965278181537,-0.8428954673417306,-0.35,-0.315,-0.0676459311652087,False,-0.015132713163269128,True,6.193160210055282,-0.07328113697300467,0.1,0.0,-0.4710597813014825,-0.4710597813014825,False,-0.4710597813014825,0.43849999929079786,1571.7985334202453,-1.0;-1.0;-1.0;0.21258995531008076;0.7543318733056804,6.813238698741145;7.380715442363737;7.82658282559728;8.167258112094293;8.416942234914211;8.642485549142393,3.7831782908172817;2.972449221556949;2.271168576646761;1.664560818799448;1.5036220948545467;1.526932674040887,6.813238698741145;3.7831782908172817,101.88328911941255,-0.35,0.0,2.2579033374786377
16,1786854648.7720225,3.9293858336854006,109.22883746339818,0.0,-0.8180151598126575,5.437827817590477,109.22883746339818,-0.8105883855807251,-0.35,-0.315,-0.07236119416563118,False,-0.015717543334741603,True,6.735242058002356,-0.07914057808107977,0.1,0.0,-0.4822193155814526,-0.4822193155814526,False,-0.4822193155814526,0.4661999992094934,1806.1258767068043,-1.0;-1.0;-1.0;0.2492282727291617;0.8177964547750065,7.345548343985627;7.934956219038437;8.399794030959118;8.756878738270506;9.020757010094858;9.260226987495734,3.9293858336854006;3.0989187461378718;2.380564715409259;1.759188478829009;1.5964665160058416;1.6262824727775547,7.345548343985627;3.9293858336854006,101.88328911941255,-0.35,0.0,2.4084038734436035
17,1786854648.9222095,3.845474588440779,109.7231581577933,0.0,-0.8997301458296818,5.255294234583252,109.7231581577933,-0.9375441061624931,-0.35,-0.315,-0.07697576367176011,False,-0.015381898353763116,True,7.261923261821522,-0.08415565638353756,0.1,0.0,-0.4915133184090608,-0.4915133184090608,False,-0.4915133184090608,0.45089999912306666,1997.7257864827782,-1.0;-1.0;-1.0;0.3127097387811943;0.8833937826938759,7.839869038380755;8.416690226646871;8.870640554497061;9.218307588087477;9.474039572143186;9.709319676596527,3.845474588440779;3.026335519001274;2.317780223936102;1.7048798937047283;1.5685340296889483;1.6218000704891031,7.839869038380755;3.845474588440779,101.88328911941255,-0.35,0.0,2.558590888977051
18,1786854649.072492,4.246968818639235,110.24631706551526,0.0,-0.9660005778210813,5.864819382828742,110.24631706551526,-0.997195443571482,-0.35,-0.315,-0.08207212625412719,False,-0.016987875274556943,True,7.843728885720282,-0.09117819531312052,0.1,0.0,-0.5052381968418046,-0.5052381968418046,False,-0.5052381968418046,0.4495999965001829,2307.283249127276,-1.0;-1.0;-1.0;0.3141493449264145;0.9379495288017758,8.363027946102704;9.00007326889859;9.50611747311703;9.89884570976598;10.193555634467323;10.462616439855672,4.246968818639235;3.3736280281229387;2.6181882443263422;1.964732831342286;1.793738702589002;1.8329688363800194,8.363027946102704;4.246968818639235,101.88328911941255,-0.35,0.0,2.7088732719421387
19,1786854649.2229884,4.2931960829802165,110.79147901802475,0.0,-1.0952530278329315,5.758789376087948,110.79147901802475,-1.1534401870206685,-0.35,-0.315,-0.08722396155370345,False,-0.017172784331920866,True,8.428982378386962,-0.09716941203281027,0.1,0.0,-0.5165661579184346,-0.5165661579184346,False,-0.5165661579184346,0.443600001744926,2575.1919430246735,-1.0;-1.0;-1.0;0.3655521648532091;1.0,8.908189898612193;9.552169311059226;10.06421150282591;10.46212799870409;10.761325767638716;11.036581685185563,4.2931960829802165;3.4136146117778874;2.6527766391878727;1.9946517928975098;1.8350394503123086;1.887309124520147,8.908189898612193;4.2931960829802165,101.88328911941255,-0.35,0.0,2.8593697547912598
20,1786854649.3735118,3.807536831750035,111.29644673526303,0.0,-0.9715058593952317,5.045178761041554,111.29644673526303,-0.9212646106760184,-0.35,-0.315,-0.09179300575180349,False,-0.01523014732700014,True,8.940792032349606,-0.10083053081874617,0.1,0.0,-0.5228536838975498,-0.5228536838975498,False,-0.5228536838975498,0.451600004453212,2724.810321028669,-1.0;-1.0;-1.0;0.48402969951015123;1.0,9.41315761585048;9.984288140612986;10.433316044532553;10.776725181422979;11.028774084833197;11.268577722760993,3.807536831750035;2.99351935946378;2.28939424593617;1.6803260227347867;1.5986909195186358;1.68286764538362,9.41315761585048;3.807536831750035,101.88328911941255,-0.35,0.0,3.0098931789398193
21,1786854649.5239942,6.732789687434917,112.13790939636601,0.0,-1.0167821662321948,9.432251091118607,112.13790939636601,-1.0389795497735512,-0.5,-0.45,-0.0998723533767254,False,-0.02693115874973967,True,9.882658820967976,-0.1190249572719845,0.1,0.0,-0.6958284693984494,-0.6958284693984494,False,-0.6958284693984494,0.43029999505961314,3889.925567099517,-1.0;-1.0;-1.0;0.18068579190409084;1.0,10.25462027695346;11.264538730068697;12.093118192013378;12.764839426595527;13.300878294509086;13.772682775889999,6.732789687434917;5.523863079631203;4.478141563880991;3.5735924527570573;3.145363209206082;3.0207391759632607,10.25462027695346;6.732789687434917,101.88328911941255,-0.5,0.0,3.1603755950927734
22,1786854649.6744826,7.819286725542447,113.15313319335962,0.0,-1.394517454710443,9.730709921692984,113.15313319335962,-1.5591972589552077,-0.65,-0.5850000000000001,-0.0998723533767254,False,0.0,False,10.98033076151522,0.0,0.1,0.0,-0.6848723533767255,-0.6848723533767255,False,-0.6848723533767255,0.4501000003074296,4840.287384849154,-1.0;-1.0;-1.0;0.1422634538964061;1.0,11.26984407394707;12.442737082778438;13.412289535417571;14.20595240695042;14.847470790826335;15.40878604830434,7.819286725542447;6.463683017594217;5.291085810218998;4.276789225839433;3.7421017165200317;3.5369179847898273,11.26984407394707;7.819286725542447,101.88328911941255,-0.65,0.0,3.310863971710205
23,1786854649.8249705,8.77303220781348,114.1419014002725,0.0,-1.467960145107827,10.62756188003409,114.1419014002725,-1.5022288358893638,-0.8,-0.7200000000000001,-0.0998723533767254,False,0.0,False,12.200907279925104,0.0,0.1,0.0,-0.8198723533767255,-0.8198723533767255,False,-0.8198723533767255,0.41030000284081325,5831.395179521051,-1.0;-1.0;-1.0;0.11884672654407237;1.0,12.25861228085995;13.574567112031971;14.66786804099577;15.568573344549456;16.302683432123395;16.943036760569335,8.77303220781348;7.288672859758661;6.004702023691242;4.894067250492924;4.2690221896396015;3.992704194038255,12.25861228085995;8.77303220781348,101.88328911941255,-0.8,0.0,3.4613518714904785
24,1786854649.975485,9.652586809960567,115.24313945093684,0.0,-1.5757848593636843,11.475320390699489,115.24313945093684,-1.624788703227424,-0.9500000000000001,-0.8550000000000001,-0.0998723533767254,False,0.0,False,13.533315256011647,0.0,0.1,0.0,-0.9548723533767255,-0.9548723533767255,False,-0.9548723533767255,0.4107000058866106,6975.310203340883,-1.0;-1.0;-1.0;0.11726189001015515;1.0,13.359850331524285;14.80773835301837;16.015161491610755;17.014582506493166;17.834081684366453;18.548225258277302,9.652586809960567;8.04948759061589;6.662806765882745;5.463327852488574;4.760957159405663;4.418227942885898,13.359850331524285;9.652586809960567,101.88328911941255,-0.9500000000000001,0.0,3.6118664741516113
25,1786854650.1259928,10.47818528351302,116.49305511996732,0.0,-1.8630892786001656,12.277794809139952,116.49305511996732,-1.9890129960270302,-1.0,-0.9,-0.0998723533767254,False,0.0,False,14.973056436883951,0.0,0.1,0.0,-0.9998723533767254,-0.9998723533767254,False,-0.9998723533767254,0.4095999975106679,8326.193597810845,-1.0;-1.0;-1.0;0.13862132406200828;1.0,14.609766000554771;16.181493793081724;17.496038333617538;18.58811936118102;19.48776945002343;20.272204736454903,10.47818528351302;8.76363027023876;7.280540183756528;5.997667258949397;5.2295685762098305;4.823576818421503,14.609766000554771;10.47818528351302,101.88328911941255,-1.0,0.0,3.76237416267395
26,1786854650.2760408,10.72978084873731,117.70726085413378,0.0,-1.9583858325590735,12.28338912793789,117.70726085413378,-2.0020204648669777,-1.0,-0.9,-0.0998723533767254,False,0.0,False,16.429474970020735,0.0,0.1,0.0,-0.9998723533767254,-0.9998723533767254,False,-0.9998723533767254,0.4091000009793788,9509.311457253585,-1.0;-1.0;-1.0;0.23317674416130993;1.0,15.823971734721226;17.433438862031824;18.78062792715549;19.90094646848746;20.825022006739616;21.63484030081499,10.72978084873731;8.981260434157772;7.468790275546473;6.160503588347699;5.398788627169153;4.9699521625013166,15.823971734721226;10.72978084873731,101.88328911941255,-1.0,0.0,3.9124221801757812
27,1786854650.4264965,11.150349396384762,118.96746622644429,0.0,-1.9888457613382187,12.776374668052409,118.96746622644429,-2.004693268569082,-1.0,-0.9,-0.0998723533767254,False,0.0,False,17.92823490986676,0.0,0.1,0.0,-0.9998723533767254,-0.9998723533767254,False,-0.9998723533767254,0.4117999997106381,10897.151145006072,-1.0;-1.0;-1.0;0.3099345711488067;1.0,17.084177107031735;18.75672951648945;20.158487350670374;21.326007877236872;22.29091313271689;23.139503234408807,11.150349396384762;9.345052227872818;7.7834701771099875;6.43270170320014;5.657267344612762;5.1935362530900395,17.084177107031735;11.150349396384762,101.88328911941255,-1.0,0.0,4.062877893447876
28,1786854650.576939,11.41003106437843,120.27216028710905,0.0,-1.9461526668399851,12.967104816194455,120.27216028710905,-1.9306488783805433,-1.0,-0.9,-0.0998723533767254,False,0.0,False,19.447305649561414,0.0,0.1,0.0,-0.9998723533767254,-0.9998723533767254,False,-0.9998723533767254,0.3977999949711375,12348.682094565796,-1.0;-1.0;-1.0;0.41296665880676947;1.0,18.388871167696493;20.100375827353258;21.535827357956357;22.73249293192804;23.722608653413545;24.597642252144812,11.41003106437843;9.56967687068734;7.97777049314455;6.600771476570036;5.833557324875112;5.346027086016972,18.388871167696493;11.41003106437843,101.88328911941255,-1.0,0.0,4.21332049369812
29,1786854650.727446,11.283461589545354,121.55210466777618,0.0,-2.007117469280276,12.674999137292776,121.55210466777618,-2.0360384937944875,-1.0,-0.9,-0.0998723533767254,False,0.0,False,20.929779693006907,0.0,0.1,0.0,-0.9998723533767254,-0.9998723533767254,False,-0.9998723533767254,0.4377000004751608,13669.010569674934,-1.0;-1.0;-1.0;0.5651768164724439;1.0,19.668815548363625;21.361334786795428;22.780363928038938;23.962824135214575;24.9406522144215;25.811906459676752,11.283461589545354;9.46019427495673;7.883068047837573;6.5188538613795;5.808361635035001;5.324232814305276,19.668815548363625;11.283461589545354,101.88328911941255,-1.0,0.0,4.363827466964722
30,1786854650.8779247,11.411797487347727,122.78736058195398,0.0,-2.1256102092297433,12.912580194796055,122.78736058195398,-2.1791860641050307,-1.0,-0.9,-0.0998723533767254,False,0.0,False,22.41018664000771,0.0,0.1,0.0,-0.9998723533767254,-0.9998723533767254,False,-0.9998723533767254,0.42129999928874895,15145.123006159401,-1.0;-1.0;-1.0;0.6784844968404379;1.0,20.904071462541424;22.615841085643584;24.05152180962695;25.248385635872562;26.238672845575017;27.12580308432546,11.411797487347727;9.571204826555782;7.979092174970751;6.6019147313497;5.914201591669621;5.415784376794222,20.904071462541424;11.411797487347727,101.88328911941255,-1.0,0.0,4.51430606842041
31,1786854651.0284255,10.909816774788649,124.08212238560526,0.0,-2.0020313638031384,12.140463792082071,124.08212238560526,-1.9518622535172512,-1.0,-0.9,-0.0998723533767254,False,0.0,False,23.806659156226004,0.0,0.1,0.0,-0.9998723533767254,-0.9998723533767254,False,-0.9998723533767254,0.45140000293031335,16430.678852595687,-1.0;-1.0;-1.0;0.8825998208873764;1.0,22.198833266192707;23.835305782411005;25.205854508939833;26.34637915738727;27.2879329782943;28.142094025318816,10.909816774788649;9.13699151019218;7.603497656316236;6.277025472713544;5.6944069801634285;5.225662037841365,22.198833266192707;10.909816774788649,101.88328911941255,-1.0,0.0,4.664806842803955
32,1786854651.178914,11.110689151194997,125.31803515584664,0.0,-1.9806996998279884,12.642558920902172,125.31803515584664,-1.9743508101641538,-1.0,-0.9,-0.0998723533767254,False,0.0,False,25.233262528905243,0.0,0.1,0.0,-0.9998723533767254,-0.9998723533767254,False,-0.9998723533767254,0.43739999819081277,18095.53039571165,-1.0;-1.0;-1.0;0.9862503579310301;1.0,23.434746036434092;25.10134940911334;26.49796132648089;27.661030635003822;28.622085586876157;29.497779386352622,11.110689151194997;9.31074611578367;7.753795390152875;6.407033012482237;5.837958663176443;5.349834243647623,23.434746036434092;11.110689151194997,101.88328911941255,-1.0,0.0,4.815295457839966
33,1786854651.3290489,11.558335190418834,126.60420759423056,0.0,-2.0485589458724243,13.195965101333503,126.60420759423056,-2.0804347319312697,-1.0,-0.9,-0.0998723533767254,False,0.0,False,26.72701280746807,0.0,0.1,0.0,-0.9998723533767254,-0.9998723533767254,False,-0.9998723533767254,0.4237000030116178,20053.065460458252,-1.0;-1.0;-1.0;1.0;1.0,24.720918474818006;26.454668753380833;27.909362744337677;29.12267304651535;30.127186457899032;31.041090558745918,11.558335190418834;9.697959939712291;8.08873534785113;6.696756075891228;6.092694005645912;5.5701803148837135,24.720918474818006;11.558335190418834,101.88328911941255,-1.0,0.0,4.96543025970459
34,1786854651.479156,10.861567195994642,127.78441883116756,0.0,-1.988429395139875,12.008733949631583,127.78441883116756,-1.9654528397228692,-1.0,-0.9,-0.0998723533767254,False,0.0,False,28.116247886867257,0.0,0.1,0.0,-0.9998723533767254,-0.9998723533767254,False,-0.9998723533767254,0.428999999712687,21265.95150309935,-1.0;-1.0;-1.0;1.0;1.0,25.901129711755004;27.530364791154202;28.894653134834506;30.02976255211797;30.966632198068165;31.822024441815085,10.861567195994642;9.095255624535364;7.567396115223089;6.245797639667972;5.702614958312796;5.232761938940568,25.901129711755004;10.861567195994642,101.88328911941255,-1.0,0.0,5.115537405014038
35,1786854651.6293755,10.89878810801088,129.0127560554851,0.0,-1.9433562365289814,12.360521535836579,129.0127560554851,-1.9268324205926848,-1.0,-0.9,-0.0998723533767254,False,0.0,False,29.511066103068885,0.0,0.1,0.0,-0.9998723533767254,-0.9998723533767254,False,-0.9998723533767254,0.502099996083416,23046.125410485707,-1.0;-1.0;-1.0;1.0;1.0,27.12946693607256;28.764285152274194;30.133402909288606;31.272689769106073;32.21317290284818;33.0716908135351,10.89878810801088;9.12745171342941;7.59524573211644;6.26988755828072;5.723452737912822;5.250786618294591,27.12946693607256;10.89878810801088,101.88328911941255,-1.0,0.0,5.265756845474243
36,1786854651.7800262,11.267599545652796,130.26443358569105,0.0,-1.9004360136737297,12.871443198746643,130.26443358569105,-1.8848348844898513,-1.0,-0.9,-0.0998723533767254,False,0.0,False,30.961206034916785,0.0,0.1,0.0,-0.9998723533767254,-0.9998723533767254,False,-0.9998723533767254,0.4287999981897883,25147.06306312453,-1.0;-1.0;-1.0;1.0;1.0,28.3811444662785;30.07128439812642;31.48825543917487;32.66893538968178;33.645223546870255;34.534712802838285,11.267599545652796;9.446473606989668;7.871199670046063;6.5085877145898445;5.929928373120215;5.429388042748986,28.3811444662785;11.267599545652796,101.88328911941255,-1.0,0.0,5.416407585144043
37,1786854651.9305372,10.92904985113073,131.51339548043723,0.0,-1.8317656157876037,12.229738733297156,131.51339548043723,-1.805128697304779,-1.0,-0.9,-0.0998723533767254,False,0.0,False,32.360563512586396,0.0,0.1,0.0,-0.9998723533767254,-0.9998723533767254,False,-0.9998723533767254,0.4017000028397888,26868.58461644358,-1.0;-1.0;-1.0;1.0;1.0,29.630106361024673;31.269463838694282;32.64250805687849;33.78519130560783;34.72861231575872;35.58967148953923,10.92904985113073;9.15362812122808;7.617888324862289;6.28947340100588;5.740394491870086;5.265441235467624,29.630106361024673;10.92904985113073,101.88328911941255,-1.0,0.0,5.566918611526489
38,1786854652.0810547,11.079017115119727,132.71461868908528,0.0,-1.7863055335841724,12.58907040807661,132.71461868908528,-1.7696158932510746,-1.0,-0.9,-0.0998723533767254,False,0.0,False,33.78241607985436,0.0,0.1,0.0,-0.9998723533767254,-0.9998723533767254,False,-0.9998723533767254,0.4214000000501983,27555.728725153655,-1.0;-1.0;-1.0;1.0;1.0,30.0;31.66185256726796;33.05435503795474;34.21386967509881;35.17184983622843;36.045502675605555,11.079017115119727;9.283349804578563;7.730097580960456;6.386534407530795;5.824352262514138;5.338064707074729,30.0;11.079017115119727,101.88328911941255,-1.0,0.0,5.717436075210571
39,1786854652.2315917,10.883251443061049,133.93808701819898,0.0,-1.8666310212934953,12.245133477711782,133.93808701819898,-1.9038494823515775,-1.0,-0.9,-0.0998723533767254,False,0.0,False,35.174903796313515,0.0,0.1,0.0,-0.9998723533767254,-0.9998723533767254,False,-0.9998723533767254,0.4138000003877096,27426.586338138506,-1.0;-1.0;-1.0;1.0;1.0,30.0;31.632487716459156;32.999589591196326;34.13713271284398;35.076107513069196;35.93332071526401,10.883251443061049;9.114012498247806;7.583620810984352;6.259832001501465;5.714754681298767;5.243262799323433,30.0;10.883251443061049,101.88328911941255,-1.0,0.0,5.86797308921814
40,1786854652.3820941,11.091900648882424,135.22247551290877,0.0,-1.9952452228949578,12.627103345481755,135.22247551290877,-2.0531588470496716,-1.0,-0.9,-0.0998723533767254,False,0.0,False,36.59868889364586,0.0,0.1,0.0,-0.9998723533767254,-0.9998723533767254,False,-0.9998723533767254,0.44070000149076805,27564.254159212385,-1.0;-1.0;-1.0;1.0;1.0,30.0;31.663785097332365;33.057959206524856;34.21891981097637;35.17815073382692;36.05288548209265,11.091900648882424;9.294494061283297;7.739737363010051;6.3948728190036945;5.8315649884381955;5.344303714999039,30.0;11.091900648882424,101.88328911941255,-1.0,0.0,6.018475532531738
41,1786854652.532481,10.590087273698906,136.46040622288984,0.0,-2.074396112178925,11.820806007010422,136.46040622288984,-2.111111173911855,-1.0,-0.9,-0.0998723533767254,False,0.0,False,37.94720198470068,0.0,0.1,0.0,-0.9998723533767254,-0.9998723533767254,False,-0.9998723533767254,0.43680000089807436,27234.6023637643,-1.0;-1.0;-1.0;1.0;1.0,30.0;31.588513091054836;32.91757691481727;34.02221712237177;34.93273090190642;35.76532532120389,10.590087273698906;8.860425491749552;7.364268050363363;6.0700918635643095;5.550629461983127;5.101294484615405,30.0;10.590087273698906,101.88328911941255,-1.0,0.0,6.168862342834473
42,1786854652.683009,10.833123606526955,137.74430208974593,0.0,-2.0320683618924806,12.383063643272003,137.74430208974593,-2.0167211495238058,-1.0,-0.9,-0.0998723533767254,False,0.0,False,39.332170525679715,0.0,0.1,0.0,-0.9998723533767254,-0.9998723533767254,False,-0.9998723533767254,0.4310000003897585,27393.63934682409,-1.0;-1.0;-1.0;1.0;1.0,30.0;31.624968540979044;32.98556632892591;34.117483415499954;35.051591695386506;35.90459535748837,10.833123606526955;9.070651919645815;7.54611391049363;6.22738853257699;5.686691080679096;5.2189877847874175,30.0;10.833123606526955,101.88328911941255,-1.0,0.0,6.319390296936035
43,1786854652.8335102,11.0957792233217,139.01903168916562,0.0,-1.9828403489094037,12.6541275246239,139.01903168916562,-1.9645358810993148,-1.0,-0.9,-0.0998723533767254,False,0.0,False,40.75653740917795,0.0,0.1,0.0,-0.9998723533767254,-0.9998723533767254,False,-0.9998723533767254,0.41309999505756423,27566.82137184544,-1.0;-1.0;-1.0;1.0;1.0,30.0;31.664366883498253;33.059044237724244;34.22044014912973;35.18004761249547;36.055108068306836,11.0957792233217;9.29784902817327;7.742639409369878;6.397383089104944;5.833736372075776;5.346181961845547,30.0;11.0957792233217,101.88328911941255,-1.0,0.0,6.469891548156738
44,1786854652.9840305,10.842247916610546,140.26574499826535,0.0,-2.0239038921481094,12.179373250695935,140.26574499826535,-2.0442958055759273,-1.0,-0.9,-0.0998723533767254,False,0.0,False,42.142874596669515,0.0,0.1,0.0,-0.9998723533767254,-0.9998723533767254,False,-0.9998723533767254,0.4132999965804629,27399.632704759093,-1.0;-1.0;-1.0;1.0;1.0,30.0;31.626337187491583;32.988118854671804;34.12105999678269;35.05605408470861;35.909823970764535,10.842247916610546;9.078544447868122;7.552940947405926;6.233293919506126;5.691799240372799;5.223406342922471,30.0;10.842247916610546,101.88328911941255,-1.0,0.0,6.6204118728637695
45,1786854653.1341214,10.689906991545543,141.47535427903432,0.0,-2.0507382138224486,12.070399632050709,141.47535427903432,-2.0650318894369666,-1.0,-0.9,-0.0998723533767254,False,0.0,False,43.506360645401344,0.0,0.1,0.0,-0.9998723533767254,-0.9998723533767254,False,-0.9998723533767254,0.407300001825206,27299.78128793753,-1.0;-1.0;-1.0;1.0;1.0,30.0;31.60348604873183;32.945501480884865;34.06134482969724;34.981549326419945;35.82252621608508,10.689906991545543;8.946769547686895;7.438955658749164;6.1346966448180265;5.606512597767592;5.149633397068967,30.0;10.689906991545543,101.88328911941255,-1.0,0.0,6.770502805709839
46,1786854653.2845848,11.194934334115128,142.7504773317122,0.0,-1.8952108996822488,12.857156232177976,142.7504773317122,-1.8313495885191073,-1.0,-0.9,-0.0998723533767254,False,0.0,False,44.9456007955186,0.0,0.1,0.0,-0.9998723533767254,-0.9998723533767254,False,-0.9998723533767254,0.4236000022501685,27632.552240739416,-1.0;-1.0;-1.0;1.0;1.0,30.0;31.67924015011727;33.08678287996871;34.2593073412902;35.228541000333294;36.11192811540557,11.194934334115128;9.383618199009586;7.816829742143292;6.461557726953948;5.889247433815164;5.394199030250117,30.0;11.194934334115128,101.88328911941255,-1.0,0.0,6.920966148376465
47,1786854653.4350126,11.232344903216497,143.99253729757874,0.0,-1.909089700781712,12.69415961265011,143.99253729757874,-1.917831010435569,-1.0,-0.9,-0.0998723533767254,False,0.0,False,46.390452531001074,0.0,0.1,0.0,-0.9998723533767254,-0.9998723533767254,False,-0.9998723533767254,0.4236000022501685,27657.402324518654,-1.0;-1.0;-1.0;1.0;1.0,30.0;31.684851735482475;33.097248486674815;34.27397167645619;35.24683723561708;36.13336594429125,11.232344903216497;9.415978341282269;7.844821265209164;6.485770394405926;5.910191391161126;5.412315553354373,30.0;11.232344903216497,101.88328911941255,-1.0,0.0,7.071393966674805
48,1786854653.5855122,11.528133047448646,145.1892143653169,0.0,-1.977494087091877,13.10068100336688,145.1892143653169,-2.0096035046931773,-1.0,-0.9,-0.0998723533767254,False,0.0,False,47.87967248811836,0.0,0.1,0.0,-0.9998723533767254,-0.9998723533767254,False,-0.9998723533767254,0.4104000036022626,27854.8500578007,-1.0;-1.0;-1.0;1.0;1.0,30.0;31.729219957117298;33.17999522002376;34.38991582243785;35.39149714352604;36.30286498626732,11.528133047448646;9.671835086043078;8.066137349427262;6.677208807254582;6.075785618275213;5.555554559808059,30.0;11.528133047448646,101.88328911941255,-1.0,0.0,7.221893548965454
49,1786854653.7359533,11.726644052088732,146.41034139282397,0.0,-2.0430518746089037,13.257501805324653,146.41034139282397,-2.073941321298859,-1.0,-0.9,-0.0998723533767254,False,0.0,False,49.398669095931666,0.0,0.1,0.0,-0.9998723533767254,-0.9998723533767254,False,-0.9998723533767254,0.4127000065636821,27988.327601331403,-1.0;-1.0;-1.0;1.0;1.0,30.0;31.75899660781331;33.23552867357182;34.467728910452934;35.48858211535509;36.416620137595466,11.726644052088732;9.843547105056752;8.214668245874089;6.805688032681087;6.18692014826914;5.651685928252806,30.0;11.726644052088732,101.88328911941255,-1.0,0.0,7.372334718704224
50,1786854653.886053,11.48723386609542,147.60768058885725,0.0,-1.9335788218131542,12.830411109059883,147.60768058885725,-1.8894550512262054,-1.0,-0.9,-0.0998723533767254,False,0.0,False,50.88175417584597,0.0,0.1,0.0,-0.9998723533767254,-0.9998723533767254,False,-0.9998723533767254,0.42660000326577574,27827.446034290366,-1.0;-1.0;-1.0;1.0;1.0,30.0;31.723085079914313;33.16855367404019;34.37388400795908;35.371494746798916;36.27942803589538,11.48723386609542;9.636457294172537;8.035535559459245;6.650738258932247;6.052888593976394;5.535748633789581,30.0;11.48723386609542,101.88328911941255,-1.0,0.0,7.52243447303772
51,1786854654.0364783,11.328481515445155,148.81120795086008,0.0,-1.9035422431970757,12.706226402128067,148.81120795086008,-1.8934626758299857,-1.0,-0.9,-0.0998723533767254,False,0.0,False,52.34102640316274,0.0,0.1,0.0,-0.9998723533767254,-0.9998723533767254,False,-0.9998723533767254,0.4121999954804778,27721.387663763642,-1.0;-1.0;-1.0;1.0;1.0,30.0;31.699272227316772;33.12414270394578;34.311655666229875;35.293854378605616;36.18845626481063,11.328481515445155;9.499136510860058;7.91675308189395;6.547991415838267;5.9640125747001;5.4588708771155865,30.0;11.328481515445155,101.88328911941255,-1.0,0.0,7.6728596687316895
52,1786854654.1869485,11.257310196945065,150.09605800679873,0.0,-2.0010152780174035,12.672589811692337,150.09605800679873,-2.0455826878373453,-1.0,-0.9,-0.0998723533767254,False,0.0,False,53.7896229327045,0.0,0.1,0.0,-0.9998723533767254,-0.9998723533767254,False,-0.9998723533767254,0.39709999691694975,27674.00091597776,-1.0;-1.0;-1.0;1.0;1.0,30.0;31.68859652954176;33.10423252759538;34.283757665911764;35.25904691055543;36.14767210717221,11.257310196945065;9.43757332035748;7.86350092210922;6.501928297624476;5.924167977445172;5.424405300490073,30.0;11.257310196945065,101.88328911941255,-1.0,0.0,7.823329925537109
53,1786854654.337434,11.321352544292356,151.41055621257163,0.0,-1.9329174675282292,12.794580872974219,151.41055621257163,-1.9065259436440984,-1.0,-0.9,-0.0998723533767254,False,0.0,False,55.247825814348346,0.0,0.1,0.0,-0.9998723533767254,-0.9998723533767254,False,-0.9998723533767254,0.41969999438151717,27716.63661478539,-1.0;-1.0;-1.0;1.0;1.0,30.0;31.698202881643855;33.12214837426579;34.308861225383765;35.29036784160081;36.18437106462856,11.321352544292356;9.492969950812887;7.911419007453147;6.543377441446972;5.96002148685163;5.45541858612666,30.0;11.321352544292356,101.88328911941255,-1.0,0.0,7.973815441131592
